<?xml version="1.0" encoding="utf-8"?>
<Project name="Wasteland">
	<Package name="General">
		<Key ID="STR_WL_Gen_TeamWEST">
			<English>BLUFOR</English>
		</Key>
		<Key ID="STR_WL_Gen_TeamWEST_2">
			<English>BLUFOR</English>
		</Key>
		<Key ID="STR_WL_Gen_TeamEAST">
			<English>OPFOR</English>
		</Key>
		<Key ID="STR_WL_Gen_TeamEAST_2">
			<English>OPFOR</English>
		</Key>
		<Key ID="STR_WL_Gen_TeamGUER">
			<English>Independent</English>
		</Key>
		<Key ID="STR_WL_Gen_TeamGUER_2">
			<English>Independent</English>
		</Key>
	</Package>
	<Package name="TeamLock">
		<Key ID="STR_WL_Punish_Teamkiller">
			<English>You have been punished for teamkilling twice during this server session. Your inventory has been wiped, and you are now locked to the Independent side.</English>
		</Key>
		<Key ID="STR_WL_Loading_Teamkiller">
			<English>You are restricted to the Independent side, due to having done 2 or more teamkills during this server session.</English>
		</Key>
		<Key ID="STR_WL_Loading_Teamswitched">
			<English>You have played as %1 for too long and cannot switch to the other team. You can still play as Independent. (or if online, ask an admin to unlock you)</English>
		</Key>
	</Package>
	<Package name="WelcomeMessage">
		<Key ID="STR_WL_WelcomeToWasteland">
			<English>&lt;t color='#FF8000' size='2.5' &gt;A3Wasteland Altis v1.1 &lt;/t&gt;</English>
		</Key>
		<Key ID="STR_WL_YouAreInTeam">
			<English>&lt;t color='#FFFFFF' size='1.5' &gt;* You are in &lt;img size="1.5" image="%1"/&gt; &lt;t color="%2"&gt;%3&lt;/t&gt; team.&lt;br/&gt;* Attacking or stealing from other %4 players is &lt;t color="#FF1111"&gt;FORBIDDEN&lt;/t&gt;&lt;br/&gt;* &lt;t color="#FF1111"&gt;NO VOICE IN GLOBAL&lt;/t&gt;&lt;br/&gt;* You can find the Server Rules in the map menu.&lt;br/&gt;* Server restarts are done at the admin's discretion.&lt;br/&gt;* You will be locked to your team after 3 minutes.&lt;/t&gt;</English>
		</Key>
		<Key ID="STR_WL_YouAreInFFA">
			<English>&lt;t color='#FFFFFF' size='1.5' &gt;* You are in &lt;img size="1.5" image="%1"/&gt; &lt;t color="%2"&gt;%3&lt;/t&gt; team.&lt;br/&gt;* You are &lt;t color="#00aa00"&gt;FREE TO ATTACK ANYONE&lt;/t&gt;&lt;br/&gt;* &lt;t color="#FF1111"&gt;NO VOICE IN GLOBAL&lt;/t&gt;&lt;br/&gt;* You can find the Server Rules in the map menu.&lt;br/&gt;* Server restarts are done at the admin's discretion.&lt;/t&gt;</English>
		</Key>
		<Key ID="STR_WL_MapMoreInfo">
			<English>&lt;t color='#FFFFFF' size='1.5' &gt;Report bugs and suggestions at http://forums.a3wasteland.com/ &lt;br/&gt;Server restarts are done at the admin's discretion.&lt;br/&gt;Press the Windows or Home key to toggle player names&lt;br/&gt;Press the End key to toggle earplugs&lt;br/&gt;For more info please see the map&lt;br/&gt;</English>
			<!-- &lt;br/&gt;&lt;/t&gt;&lt;t size='1.3'&gt;[Update X]&lt;/t&gt;&lt;br/&gt; -->
		</Key>
	</Package>
	<Package name="TeamKillWarningMessage">
		<Key ID="STR_TK_MESSAGE">
			<English>&lt;t size='2' color='#ff0000'&gt;Team killing is against the rules!&lt;/t&gt;&lt;br/&gt;If this was a mistake then you must explain yourself and say sorry, otherwise they will mark you as teamkiller and you will get kicked.</English>
		</Key>
	</Package>
	<Package name="Diary">
		<Key ID="STR_WL_Diary_RulesContent">
			<English>&lt;br/&gt;    1. Keep bad language to a minimum. If you have a problem with another player, take it to direct.&lt;br/&gt;    2. NO VOIP IN GLOBAL. Use the channels or Teamspeak!.&lt;br/&gt;    3. Team killing when you are in BLUFOR or OPFOR is forbidden and punishable. Play as Independent if you want to be free for all.&lt;br/&gt;    4. Revealing information about your (ex)team to other teams is lame and not appreciated&lt;br/&gt;    5. Do not exploit R3F or any other add-ons or you will be banned.&lt;br/&gt;    6. Using or spamming with loud\long custom sound commands will cause punishment up to permanent ban</English>
		</Key>
	</Package>
	<Package name="ShopDescriptions">
		<Key ID="STR_WL_ShopDescriptions_Water">
			<English>Greece is a hot place! Drink plenty!</English>
		</Key>
		<Key ID="STR_WL_ShopDescriptions_Camo">
			<English>An improvised roof, 4 sticks and a blanket!</English>
		</Key>
		<Key ID="STR_WL_ShopDescriptions_CanFood">
			<English>The Greek wastelands may get you hungry!</English>
		</Key>
		<Key ID="STR_WL_ShopDescriptions_RepairKit">
			<English>With this kit, you won't need an engineer!</English>
		</Key>
		<Key ID="STR_WL_ShopDescriptions_MedKit">
			<English>With this kit, you won't need a medic!</English>
		</Key>
		<Key ID="STR_WL_ShopDescriptions_fuelFull">
			<English>25 litres of pure unleaded fuel!</English>
		</Key>
		<Key ID="STR_WL_ShopDescriptions_fuelEmpty">
			<English>Empty fuel can. You can refill it!</English>
		</Key>
		<Key ID="STR_WL_ShopDescriptions_spawnBeacon">
			<English>Choose your spawn location. Disclaimer: This product does not guarantee safe delivery of goods.</English>
		</Key>
		<Key ID="STR_WL_ShopDescriptions_SyphonHose">
			<English>Go forth and steal fuel from vehicles!</English>
		</Key>
		<Key ID="STR_WL_ShopDescriptions_Energy_Drink">
			<English>Allows you to sprint continuously for 5 minutes.</English>
		</Key>
		<Key ID="STR_WL_ShopDescriptions_Warchest">
			<English>A safe to store your team's money.</English>
		</Key>
		<Key ID="STR_WL_ShopDescriptions_CCTV_Camera">
            <English>This is the remote camera for a television system in which the video signals are transmitted from one or more cameras via Wifi to a restricted set of base stations.</English>
        </Key>
        <Key ID="STR_WL_ShopDescriptions_CCTV_Base">
            <English>This is the base station for a television system in which the video signals are transmitted from one or more cameras via Wifi.</English>
        </Key>
		<Key ID="STR_WL_ShopDescriptions_Boomerang_Terminal">
			<English>
				This is a portable terminal for the Boomerang shot detection system.
				This terminal connects to any Boomerang base station installed in nearby vehicles.
			</English>
		</Key>
		<Key ID="STR_WL_ShopDescriptions_Boomerang_Station">
			<English>
				This is the base station for the Boomerang shot detection system. You can install it in vehicles by clicking ""Use"" while inside the vehicle.
				All players inside the vehicle can use the Boomerang system without a portable terminal.
			</English>
		</Key>
	</Package>
	<Package name="Dialogs">
		<Key ID="STR_WL_dialog_TeamkillText">
			<English>You have been teamkilled by %2 player %1&lt;br/&gt;&lt;br/&gt;If this was an accident, forgive him, otherwise they should explain their actions.&lt;br/&gt;&lt;br/&gt;If the player does not apologize, punish him.</English>
		</Key>
	</Package>
	<Package name="Errors">
		<Key ID="STR_WL_Errors_InProgress">
			<English>You are already performing another action!</English>
		</Key>
		<Key ID="STR_WL_Errors_InVehicle">
			<English>You are currently busy!</English>
		</Key>
		<Key ID="STR_WL_Errors_BeaconActive">
			<English>You already have an active spawn beacon!</English>
		</Key>
		<Key ID="STR_WL_Errors_BeaconInVehicle">
			<English>You cannot enter a vehicle while placing a spawn beacon!</English>
		</Key>
		<Key ID="STR_WL_Errors_BeaconTooMany">
			<English>You cannot take more spawn beacons!</English>
		</Key>
	</Package>
</Project>
